<?xml version="1.0" encoding="UTF-8"?>
<beans xmlns="http://www.springframework.org/schema/beans"
       xmlns:xsi="http://www.w3.org/2001/XMLSchema-instance"
       xsi:schemaLocation="http://www.springframework.org/schema/beans http://www.springframework.org/schema/beans/spring-beans.xsd">
    <bean id="mailSender" class ="org.springframework.mail.javamail.JavaMailSenderImpl" >
        <property name="host" value="smtp.gmail.com" />
        <property name="port" value="587" />
        <property name="defaultEncoding" value="utf-8"/>
        <property name="username" value="your id@gmail.com" />
        <property name="password" value="your password" />

        <property name="javaMailProperties">
            <props>
                <prop key="mail.smtp.starttls.enable">true</prop>
                <prop key="mail.smtp.auth">true</prop>


            </props>
        </property>

    </bean>
    <bean id="email" class="spring.board.email.Email">
    </bean>
    <bean id="emailSender" class="spring.board.email.EmailSender">
    </bean>

</beans>