<?xml version="1.0" encoding="UTF-8" ?>
<!DOCTYPE mapper PUBLIC "-//mybatis.org//DTD Mapper 3.0//EN" "http://mybatis.org/dtd/mybatis-3-mapper.dtd">
<mapper namespace="com.han.repository.UserMapper">
    <select id="getByEmail" resultType="com.watchers.model.Users">
        SELECT id
        , name
        , email
        , password
        FROM users
        WHERE email = #{email}
        LIMIT 1
    </select>

    <update id="updateToken">
        UPDATE users
        SET token = #{token}
        WHERE id = #{id}
    </update>
    
    <insert id="addUser">
    		INSERT INTO Users(id, name, gender, pw, email)
    		VALUES(#{id}, #{name}, #{gender}, #{pw}, #{email})
    </insert>

    <select id="getById" resultType="com.watchers.model.Users">
        SELECT id,password,email
        FROM users
        WHERE id = #{id}
    </select>

</mapper>
